<?xml version="1.0" encoding="UTF-8"?>
<beans xmlns="http://www.springframework.org/schema/beans" 
       xmlns:xsi="http://www.w3.org/2001/XMLSchema-instance"      
       xmlns:service="http://www.impalaframework.org/schema/service" 
       xmlns:web="http://www.impalaframework.org/schema/web"   
       xsi:schemaLocation="
http://www.springframework.org/schema/beans http://www.springframework.org/schema/beans/spring-beans.xsd
http://www.impalaframework.org/schema/service http://impala.googlecode.com/svn/schema/service-registry.xsd
http://www.impalaframework.org/schema/web http://impala.googlecode.com/svn/schema/web.xsd">

    <!-- We can omit this entry if it already defined in the root module's application context -->
    <service:import id="messageService" proxyTypes="@project.package.name@.@main.project.name@.MessageService"/>

    <web:mapping>
        <web:to-module prefix = "/@web.project.name@" setContextPath="true"/> 
        <web:to-handler extension = "htm" servletName="dispatcher"/>
        <web:to-handler extension = "css" servletName="resources"/>
    </web:mapping>
    
    <web:servlet id = "dispatcher"/>
        
    <web:servlet id = "resources" 
        servletClass = "org.impalaframework.web.servlet.ResourceServlet"
        initParameters = "cacheTimeout=10"/>
        
    <web:jsp-servlet id="jsp"/>

    <bean id="jspViewResolver" class="org.springframework.web.servlet.view.InternalResourceViewResolver">
        <property name="prefix" value="/"/>
        <property name="suffix" value=".jsp"/>
    </bean>

    <bean class="@project.package.name@.@web.project.name@.MessageController">
        <property name = "messageService" ref = "messageService"/>
    </bean>
    
</beans>
